{
    "max_step": 0.01,
    "min_dist": 0.05,
    "ang_thres1": 0.31415000000000004,
    "ang_thres2": 0.30943333333333333,
    "CIRCLE_RADIUS": 0.05,
    "GOAL_LEN": 1.1,
    "WIND_X": 1.8,
    "GOAL_POS": -0.55,
    "step_before_strike": 0.1
}
