{
    "max_step": 0.01,
    "min_dist": 0.1,
    "ang_thres1": 0.31415000000000004,
    "ang_thres2": 0.20943333333333333,
    "CIRCLE_RADIUS": 0.1,
    "GOAL_LEN": 1.1,
    "WIND_X": 3.6,
    "GOAL_POS": 0.75,
    "step_before_strike": 0.1
}