{
    "max_step": 1,
    "min_dist": 10,
    "ang_thres1": 0.31415000000000004,
    "ang_thres2": 0.20943333333333333,
    "CIRCLE_RADIUS": 10,
    "GOAL_LEN": 200,
    "WIND_X": 500,
    "GOAL_POS": 100
}